{
  "uid" : "ab17fc5a4eb3bca4b216b548c7f9fcbc",
  "name" : "timeline",
  "children" : [ {
    "name" : "runner-p26hkai-project-4682-concurrent-0",
    "children" : [ {
      "name" : "563@runner-p26hkai-project-4682-concurrent-0.TestNG-tests-1(29)",
      "children" : [ {
        "name" : "Check that the string description of the test steps is displayed correctly",
        "uid" : "709f668a2e00db8e",
        "parentUid" : "65d706aecce8e4ffcff68ec71bcd260a",
        "status" : "passed",
        "time" : {
          "start" : 1622191666618,
          "stop" : 1622191666630,
          "duration" : 12
        },
        "flaky" : false,
        "parameters" : [ ]
      } ],
      "uid" : "65d706aecce8e4ffcff68ec71bcd260a"
    } ],
    "uid" : "3372a099aa467c2dcdbd6d989bcfc47b"
  } ]
}