[
  {
    "locale": "ru",
    "pipelineId": "2089661",
    "dateTime": "28.05 Friday 09:51 MSK",
    "upstreamPipelineId": "null",
    "appVersion": "3.4.1_stage",
    "envUrl": "https://www.wildberries.ru",
    "envOverrideHost": "true",
    "envOverrideIP": "10.10.41.149",
    "runGroups": "",
    "runThreadCount": "1",
    "device": "Galaxy S5"
  },
  {
    "locale": "ru",
    "pipelineId": "2090487",
    "dateTime": "28.05 Friday 11:48 MSK",
    "upstreamPipelineId": "null",
    "appVersion": "3.4.1_stage",
    "envUrl": "https://www.wildberries.ru",
    "envOverrideHost": "true",
    "envOverrideIP": "10.10.41.149",
    "runGroups": "",
    "runThreadCount": "1",
    "device": "Galaxy S5"
  },
  {
    "locale": "am",
    "pipelineId": "2090487",
    "dateTime": "28.05 Friday 11:47 MSK",
    "upstreamPipelineId": "null",
    "appVersion": "version not available",
    "envUrl": "https://am.wildberries.ru",
    "envOverrideHost": "true",
    "envOverrideIP": "10.10.41.149",
    "runGroups": "",
    "runThreadCount": "1",
    "device": "Galaxy S5"
  },
  {
    "locale": "by",
    "pipelineId": "2090487",
    "dateTime": "28.05 Friday 11:47 MSK",
    "upstreamPipelineId": "null",
    "appVersion": "version not available",
    "envUrl": "https://by.wildberries.ru",
    "envOverrideHost": "true",
    "envOverrideIP": "10.10.41.149",
    "runGroups": "",
    "runThreadCount": "1",
    "device": "Galaxy S5"
  },
  {
    "locale": "kg",
    "pipelineId": "2090487",
    "dateTime": "28.05 Friday 11:48 MSK",
    "upstreamPipelineId": "null",
    "appVersion": "version not available",
    "envUrl": "https://kg.wildberries.ru",
    "envOverrideHost": "true",
    "envOverrideIP": "10.10.41.149",
    "runGroups": "",
    "runThreadCount": "1",
    "device": "Galaxy S5"
  },
  {
    "locale": "kz",
    "pipelineId": "2090487",
    "dateTime": "28.05 Friday 11:47 MSK",
    "upstreamPipelineId": "null",
    "appVersion": "version not available",
    "envUrl": "https://kz.wildberries.ru",
    "envOverrideHost": "true",
    "envOverrideIP": "10.10.41.149",
    "runGroups": "",
    "runThreadCount": "1",
    "device": "Galaxy S5"
  }
]
