{
  "total" : 3,
  "items" : [ {
    "uid" : "8fb3a91ba5aaf9de24cc8a92edc82b5d",
    "name" : "Product defects",
    "statistic" : {
      "failed" : 6,
      "broken" : 0,
      "skipped" : 0,
      "passed" : 0,
      "unknown" : 0,
      "total" : 6
    }
  }, {
    "uid" : "280a13d31e49bebc16a96b51fd556410",
    "name" : "Infrastructure problems",
    "statistic" : {
      "failed" : 4,
      "broken" : 8,
      "skipped" : 0,
      "passed" : 0,
      "unknown" : 0,
      "total" : 12
    }
  }, {
    "uid" : "bdbf199525818fae7a8651db9eafe741",
    "name" : "Test defects",
    "statistic" : {
      "failed" : 0,
      "broken" : 8,
      "skipped" : 0,
      "passed" : 0,
      "unknown" : 0,
      "total" : 8
    }
  } ]
}